{
	"name": "rimes-token-tooltip",
	"title": "Rimes Token Tooltip",
	"description": "Creates a tooltip with the AC, HP, Passive Perception/Investigation, and Speed when mousing over a token.",
	"version": "1.3.4",
	"author": "Sky#9453 (discord)",
	"minimumCoreVersion": "0.6.0",
	"compatibleCoreVersion": "0.6.5",
	"systems": ["dnd5e"],
	"scripts": ["./init.js", "./rimes-token-tooltip.js"],
	"styles": ["./styles.css"],
	"url": "https://github.com/marman6/RimesToolTip",
	"manifest": "https://raw.githubusercontent.com/marman6/RimesToolTip/main/token-tooltip/module.json",
	"download": "https://github.com/marman6/RimesToolTip/raw/main/token-tooltip.zip"
}
